[{
	"date": "2014-01-23 16:00:00+09:00",
	"samples": [
		{"stationId":1  ,"coordinates": [139.6850703	,35.5003575			], "wind": [90, 0.6]},
		{"stationId":2  ,"coordinates": [139.6707799	,35.4956747			], "wind": [90, 0.6]},
		{"stationId":3  ,"coordinates": [139.6293724	,35.4770927			], "wind": [90, 0.6]},
		{"stationId":4  ,"coordinates": [139.6426173	,35.4202805			], "wind": [90, 0.6]},
		{"stationId":5  ,"coordinates": [139.6651767	,35.4186612			], "wind": [90, 0.6]},
		{"stationId":6  ,"coordinates": [139.6157103	,35.4572006			], "wind": [90, 0.6]},
		{"stationId":7  ,"coordinates": [139.6102338	,35.4347922			], "wind": [90, 0.6]},
		{"stationId":8  ,"coordinates": [139.5853695	,35.4516456			], "wind": [90, 0.6]},
		{"stationId":9  ,"coordinates": [139.6185495	,35.4023887			], "wind": [90, 0.6]},
		{"stationId":10 ,"coordinates": [139.6321825	,35.36119980000001	], "wind": [90, 0.6]},
		{"stationId":11 ,"coordinates": [139.6331966	,35.5190161			], "wind": [90, 0.6]},
		{"stationId":12 ,"coordinates": [139.5141588	,35.3976347			], "wind": [90, 0.6]},
		{"stationId":13 ,"coordinates": [139.5706991	,35.3867341			], "wind": [90, 0.6]},
		{"stationId":14 ,"coordinates": [139.5468154	,35.4730447			], "wind": [90, 0.6]},
		{"stationId":15 ,"coordinates": [139.5264956	,35.5159981			], "wind": [90, 0.6]},
		{"stationId":16 ,"coordinates": [139.48653		,35.457444			], "wind": [90, 0.6]},
		{"stationId":17 ,"coordinates": [139.5719462	,35.3574404			], "wind": [90, 0.6]},
		{"stationId":18 ,"coordinates": [139.4890583	,35.4178738			], "wind": [90, 0.6]},
		{"stationId":19 ,"coordinates": [139.5361883	,35.553835			], "wind": [90, 0.6]},
		{"stationId":20 ,"coordinates": [139.5710302	,35.5449367			], "wind": [90, 0.6]},
		{"stationId":21 ,"coordinates": [139.7032927	,35.5312196			], "wind": [90, 0.6]},
		{"stationId":22 ,"coordinates": [139.7339958	,35.5319642			], "wind": [90, 0.6]},
		{"stationId":23 ,"coordinates": [139.7118424	,35.5158965			], "wind": [90, 0.6]},
		{"stationId":24 ,"coordinates": [139.6863883	,35.5444427			], "wind": [90, 0.6]},
		{"stationId":25 ,"coordinates": [139.6560397	,35.5758572			], "wind": [90, 0.6]},
		{"stationId":26 ,"coordinates": [139.6139897	,35.5988151			], "wind": [90, 0.6]},
		{"stationId":27 ,"coordinates": [139.5589662	,35.6223915			], "wind": [90, 0.6]},
		{"stationId":28 ,"coordinates": [139.5857075	,35.5890499			], "wind": [90, 0.6]},
		{"stationId":29 ,"coordinates": [139.5136239	,35.6053969			], "wind": [90, 0.6]},
		{"stationId":30 ,"coordinates": [139.672506		,35.2811329			], "wind": [90, 0.6]},
		{"stationId":31 ,"coordinates": [139.6318075	,35.3182354			], "wind": [90, 0.6]},
		{"stationId":32 ,"coordinates": [139.7060085	,35.2266271			], "wind": [90, 0.6]},
		{"stationId":33 ,"coordinates": [139.6259209	,35.2214613			], "wind": [90, 0.6]},
		{"stationId":34 ,"coordinates": [139.547359		,35.3194976			], "wind": [90, 0.6]},
		{"stationId":35 ,"coordinates": [139.5804145	,35.295592			], "wind": [90, 0.6]},
		{"stationId":36 ,"coordinates": [139.6213509	,35.1448038			], "wind": [90, 0.6]},
		{"stationId":37 ,"coordinates": [139.3732821	,35.5714259			], "wind": [90, 0.6]},
		{"stationId":38 ,"coordinates": [139.4078666	,35.5213336			], "wind": [90, 0.6]},
		{"stationId":39 ,"coordinates": [139.3439256	,35.5987744			], "wind": [90, 0.6]},
		{"stationId":40 ,"coordinates": [139.3344617	,35.5481456			], "wind": [90, 0.6]},
		{"stationId":41 ,"coordinates": [139.2562015	,35.58618320000001	], "wind": [90, 0.6]},
		{"stationId":42 ,"coordinates": [139.3683856	,35.4433819			], "wind": [90, 0.6]},
		{"stationId":43 ,"coordinates": [139.4579498	,35.4875152			], "wind": [90, 0.6]},
		{"stationId":44 ,"coordinates": [139.3908447	,35.4464459			], "wind": [90, 0.6]},
		{"stationId":45 ,"coordinates": [139.408087		,35.4891788			], "wind": [90, 0.6]},
		{"stationId":46 ,"coordinates": [139.4263481	,35.4371613			], "wind": [90, 0.6]},
		{"stationId":47 ,"coordinates": [139.3224167	,35.5286262			], "wind": [90, 0.6]},
		{"stationId":48 ,"coordinates": [139.3494123	,35.3355019			], "wind": [90, 0.6]},
		{"stationId":49 ,"coordinates": [139.3627655	,35.376256			], "wind": [90, 0.6]},
		{"stationId":50 ,"coordinates": [139.3090354	,35.3349825			], "wind": [90, 0.6]}
	]
}]
